<?xml version="1.0"?>
<data grt_format="2.0">
  <value _ptr_="000000001E1B23C0" type="list" content-type="object" content-struct-name="db.mgmt.Connection">
    <value type="object" struct-name="db.mgmt.Connection" id="{E1A0CD2B-DEA1-4CC5-A95D-1C738741B0F8}" struct-checksum="0x96ba47d8">
      <link type="object" struct-name="db.mgmt.Driver" key="driver">com.mysql.rdbms.mysql.driver.native</link>
      <value type="string" key="hostIdentifier">Mysql@127.0.0.1:3306</value>
      <value type="int" key="isDefault">1</value>
      <value _ptr_="000000002354D0C0" type="dict" key="modules"/>
      <value _ptr_="000000002354D120" type="dict" key="parameterValues">
        <value type="string" key="SQL_MODE"></value>
        <value type="string" key="hostName">127.0.0.1</value>
        <value type="int" key="lastConnected">1531951396</value>
        <value type="string" key="password"></value>
        <value type="int" key="port">3306</value>
        <value type="string" key="schema"></value>
        <value type="string" key="serverVersion">10.1.33-MariaDB</value>
        <value type="string" key="sslCA"></value>
        <value type="string" key="sslCert"></value>
        <value type="string" key="sslCipher"></value>
        <value type="string" key="sslKey"></value>
        <value type="int" key="useSSL">1</value>
        <value type="string" key="userName">root</value>
      </value>
      <value type="string" key="name">localhost</value>
      <link type="object" struct-name="GrtObject" key="owner">{EE823AEF-63BE-4E34-9E6E-EDFF67D76650}</link>
    </value>
  </value>
</data>
